tree_id,fractal_dim
3.1_12,1.82863760797547
3.1_13,1.94038666686034
3.1_14,1.66499956191348
3.1_15,1.93040529313141
3.1_16,1.88293964074227
3.1_17,1.8804132331578
3.1_18,1.8904911297774
3.1_1,1.90475829538062
3.1_20,1.8768166472998
3.1_22,1.91324782401743
3.1_23,2.01883072186472
3.1_24,1.9508266567766
3.1_29,1.92294511748169
3.1_2,1.8345860914569
3.1_30,1.97668318726024
3.1_32,1.65757908950977
3.1_33,1.83790764768649
3.1_34,1.78684631808672
3.1_35,1.87541671762094
3.1_37,1.86240544545449
3.1_38,2.07295443117059
3.1_3,1.8770826101126
3.1_42,1.95904276315157
3.1_44,1.61340466946585
3.1_46,1.94219556675441
3.1_48,1.80423846357971
3.1_49,1.71980590926525
3.1_50,2.04304499805436
3.1_53,1.86797655711038
3.1_55,1.80034571542206
3.1_56,1.97573420392808
3.1_59,2.00718548721106
3.1_5,1.99419569594493
3.1_60,1.86192371832349
3.1_61,1.89611243210335
3.1_62,1.78972152667996
3.1_63,1.86222259169523
3.1_68,1.77750904405326
3.1_69,1.60558443430175
3.1_6,1.94527636138472
3.1_70,1.82203190522618
3.1_71,1.86397268261691
3.1_72,2.03664261521393
3.1_73,1.65952559015676
3.1_77,1.93233180147221
3.1_78,1.86621858553725
3.1_79,1.87445656959003
3.1_7,1.95499571628065
3.1_80,1.8176199255011
3.1_81,1.94238121338953
3.1_8,1.81378374437983
3.1_9,1.8796453380645
3.2_15,1.89256616950734
3.2_16,1.98958002797012
3.2_174,1.87168394491813
3.2_175,1.56488729167708
3.2_17,1.85734177695978
3.2_18,1.81486607777136
3.2_19,1.75395321470526
3.2_1,1.83602803544654
3.2_20,2.00131103952366
3.2_22,1.9084419560324
3.2_24,1.85965527289052
3.2_25,1.82875660159632
3.2_26,1.8859482512118
3.2_27,1.9352758696474
3.2_2,1.86882897372761
3.2_30,1.72789743060189
3.2_31,1.72214921146882
3.2_35,2.00492904939623
3.2_36,1.83084930693415
3.2_37,1.89133669804151
3.2_38,1.87160522395551
3.2_39,1.8343053544585
3.2_3,1.90556430270552
3.2_40,1.84893997152344
3.2_45,2.04867241130883
3.2_48,1.7377886893562
3.2_49,1.86029494497269
3.2_4,1.81944567962874
3.2_50,1.96419716581395
3.2_58,1.90590106482577
3.2_59,1.84772239366788
3.2_60,1.92977192507641
3.2_61,1.75001472371637
3.2_62,1.70778379785846
3.2_63,1.84000036689284
3.2_66,1.8955967996686
3.2_67,1.92343644477572
3.2_68,1.80200635585937
3.2_86,2.0934710488215
3.2_90,1.93640101698113
3.2_91,1.89993196518964
3.2_92,1.97398076058077
3.2_93,1.83405529233255
3.2_96,1.95930319897293
3.3_10,1.90098426004009
3.3_11,1.94596513317024
3.3_12,1.80773169867222
3.3_13,1.62465983245224
3.3_14,1.9922652768203
3.3_15,1.84550720915639
3.3_16,1.95664988765808
3.3_17,1.84976441422978
3.3_18,1.1547694663651
3.3_19,1.71071883833165
3.3_1,1.86408435537424
3.3_20,2.07791073755959
3.3_21,1.93882376692347
3.3_25,1.94713866466455
3.3_26,1.82464563858529
3.3_27,1.65128813723007
3.3_28,1.81228014330951
3.3_29,1.68694575750975
3.3_2,1.94377554802233
3.3_31,1.70877785912511
3.3_32,1.86868521748513
3.3_34,1.92535565005433
3.3_35,1.78399058923442
3.3_36,1.8682999322213
3.3_37,1.75710470274392
3.3_38,1.94404471357141
3.3_39,1.78481118916009
3.3_3,1.98625194827013
3.3_41,1.79884747462523
3.3_43,2.0650249835679
3.3_46,1.96424337619657
3.3_47,1.8271363251427
3.3_48,1.76595678831485
3.3_49,1.85870594169752
3.3_4,1.87851310832394
3.3_50,1.65514466479179
3.3_51,1.84736726288011
3.3_52,1.81973141893088
3.3_53,1.8245718064232
3.3_54,1.84371089247273
3.3_55,1.7758600626081
3.3_57,1.84954304928304
3.3_60,1.88562813584812
3.3_61,1.85860470827682
3.3_68,1.76782845970177
3.3_69,1.84650332969264
3.3_6,2.03577941846818
3.3_70,1.88060027525119
3.3_71,1.70056481916185
3.3_73,1.94921009684003
3.3_74,1.81346605385778
3.3_77,1.75626587528123
3.3_79,1.7806026162964
3.3_7,1.87239723667349
3.3_80,1.70758518610482
3.3_81,1.82858445935773
3.3_82,1.80637338598493
3.3_83,1.82229674326732
3.3_84,1.91240124687827
3.3_85,1.83845769304899
3.3_86,1.95660934616636
3.3_8,1.77700321669347
3.3_9,1.79333641654713
3.4_100,1.8822226272442
3.4_101,1.953655695306
3.4_102,2.10969866506669
3.4_103,1.94833598999113
3.4_104,1.95565388675463
3.4_105,1.87347675660857
3.4_14,1.93138171321441
3.4_15,1.59010782217764
3.4_16,1.84013491907811
3.4_17,2.04567258354402
3.4_18,1.91635510716368
3.4_1,1.86754880110119
3.4_20,1.5532687300985
3.4_21,1.81265671785818
3.4_22,1.79754645169028
3.4_23,1.79056017284355
3.4_24,1.90293633947153
3.4_27,1.78387276620134
3.4_28,1.75985663702992
3.4_29,1.63084736690469
3.4_30,1.99426506535464
3.4_31,2.06962052767329
3.4_32,1.55436733303823
3.4_33,1.6014664291095
3.4_34,1.75594177772794
3.4_35,1.91743317129165
3.4_36,1.97034607930768
3.4_38,1.98964470665029
3.4_39,1.8692274414097
3.4_40,1.95355696302546
3.4_41,1.9916921277979
3.4_42,1.887118534058
3.4_60,1.76069853463479
3.4_61,2.01952471858722
3.4_62,1.95250958636467
3.4_63,1.80603092771079
3.4_64,1.75063014285559
3.4_66,1.9239773197667
3.4_67,1.9756163367294
3.4_68,1.95112988636523
3.4_69,1.87136506100685
3.4_70,1.90093224531266
3.4_72,1.9576226372039
3.4_73,1.66094981034566
3.4_74,2.06028367375321
3.4_75,1.84004658267993
3.4_99,1.87153495783897
3.5b_102,1.90084446834785
3.5b_103,1.75262077292255
3.5b_105,1.70259025202201
3.5b_106,1.82657495509295
3.5b_107,1.69373117802024
3.5b_108,1.86041120186726
3.5b_10,2.01993303902071
3.5b_118,1.90709079772779
3.5b_119,1.89105357169145
3.5b_11,1.76863107880773
3.5b_120,1.84883957025947
3.5b_121,1.49842098814443
3.5b_122,1.84656343064408
3.5b_123,1.81331468922298
3.5b_124,1.76080812682888
3.5b_125,1.93127274290138
3.5b_126,1.75149565153313
3.5b_127,1.82314091787631
3.5b_128,1.6880495531024
3.5b_12,1.6834083472635
3.5b_138,1.91259407163486
3.5b_139,1.82305545142922
3.5b_13,1.89344151587884
3.5b_140,1.86204038364333
3.5b_141,1.8245530754349
3.5b_142,1.65690444744402
3.5b_143,1.87563747007168
3.5b_144,1.87927758147537
3.5b_145,1.79383687587978
3.5b_146,1.9395185047087
3.5b_147,1.66057295935352
3.5b_148,2.06819612443351
3.5b_149,1.80987693706886
3.5b_151,1.72934431535804
3.5b_152,1.55942992791173
3.5b_153,1.60639463732657
3.5b_154,1.94552907433233
3.5b_16,1.90597661461571
3.5b_170,1.87011190735881
3.5b_173,1.81550202538448
3.5b_174,1.8821202563828
3.5b_175,1.85445950413634
3.5b_176,1.91695996558625
3.5b_177,1.69092381291862
3.5b_178,1.83179472681131
3.5b_180,1.88285173396419
3.5b_181,1.86064737306592
3.5b_182,1.91126041180848
3.5b_183,1.70509351632366
3.5b_186,1.70283880423532
3.5b_187,1.78246301730872
3.5b_188,1.81861641860696
3.5b_198,1.99363315236072
3.5b_199,2.0389115041846
3.5b_1,1.95164598073839
3.5b_200,1.8230399313295
3.5b_201,1.97372840706282
3.5b_202,1.87145811623988
3.5b_203,1.96850973539328
3.5b_204,1.81004182544835
3.5b_206,1.76604428872367
3.5b_21,1.7984265468876
3.5b_22,1.98022314933496
3.5b_23,1.93097370931181
3.5b_24,1.65920073522837
3.5b_25,1.80719860303189
3.5b_26,1.8096646155705
3.5b_27,1.79209798293624
3.5b_28,1.95425487936822
3.5b_29,2.00939075270487
3.5b_2,1.80318160346026
3.5b_30,1.91806787223977
3.5b_31,1.75179687141826
3.5b_32,1.7531990301032
3.5b_33,1.82645952931985
3.5b_34,1.96505049225047
3.5b_35,1.94534305681708
3.5b_36,1.74636226905202
3.5b_37,1.85506537207375
3.5b_38,1.80263211425575
3.5b_39,1.86194296749595
3.5b_3,1.71335526997558
3.5b_40,1.73871978258413
3.5b_41,1.71291831422995
3.5b_42,1.60238642907146
3.5b_43,1.81199338938503
3.5b_49,1.97674459277793
3.5b_4,1.87205319066227
3.5b_5,1.57863634381627
3.5b_62,1.89910720160489
3.5b_63,1.89445803877601
3.5b_65,1.82264405745514
3.5b_66,1.90159088031379
3.5b_67,1.92755935667476
3.5b_68,1.91988143386149
3.5b_69,1.89537096104954
3.5b_6,1.87121232847035
3.5b_70,1.75359520434936
3.5b_7,1.94334863602932
3.5b_8,1.96643236185945
3.5b_92,1.93120584178482
3.5b_9,1.59548349263197
4.1_100,1.98450535943824
4.1_101,1.92869877095378
4.1_103,2.00731959331064
4.1_104,1.81127518031357
4.1_105,1.83698720680599
4.1_106,1.77203337033241
4.1_107,1.91801054716712
4.1_111,1.79609068878827
4.1_112,1.87668663505098
4.1_114,1.90131993245088
4.1_115,1.97292539167912
4.1_117,1.85555169648557
4.1_118,1.84481069231633
4.1_11,2.0328074736684
4.1_120,1.50064555770768
4.1_121,1.92367044092114
4.1_122,1.87946251209849
4.1_14,1.93478721094624
4.1_1,1.85667140135905
4.1_20,1.89875188210334
4.1_21,2.07482340293184
4.1_22,1.7928452122706
4.1_30,1.8011687874847
4.1_32,1.8869375518354
4.1_33,1.61597984307319
4.1_36,1.82857099501921
4.1_37,1.93014489086531
4.1_38,1.97091585191797
4.1_39,2.01974000474123
4.1_3,1.8089817001835
4.1_42,2.00220240236467
4.1_43,1.49529452075759
4.1_44,1.81801357781537
4.1_45,1.94023310910693
4.1_46,1.945725096551
4.1_47,2.01650978953704
4.1_48,1.87434246349832
4.1_4,2.0746017583213
4.1_53,1.82528051471416
4.1_54,1.75480842786492
4.1_55,1.74712926437085
4.1_58,1.72937010644624
4.1_5,1.89007289610939
4.1_60,1.91313326235667
4.1_61,1.9330250169161
4.1_64,2.02572644635232
4.1_65,1.96102121440594
4.1_68,1.64471675617891
4.1_6,2.04653619732149
4.1_70,1.90401209457752
4.1_71,1.87566651568906
4.1_72,1.74471912346849
4.1_73,2.0276374163533
4.1_74,1.96094949396984
4.1_75,1.87802522585469
4.1_76,1.88979090803744
4.1_7,1.89706434555558
4.1_84,1.74151165110462
4.1_85,1.70395143644047
4.1_86,1.69781731919479
4.1_87,1.86903465711046
4.1_88,2.03461509866526
4.1_89,1.90382130927433
4.1_90,1.95408377217795
4.1_91,1.94607620868692
4.1_93,2.00741264131098
4.1_94,1.93402788321584
4.2b_10,1.73818070700893
4.2b_11,1.97298254654435
4.2b_12,1.95776440129677
4.2b_13,1.74039728129339
4.2b_14,1.98637633354091
4.2b_15,1.91610514332043
4.2b_16,1.72114741896099
4.2b_17,1.80892138686557
4.2b_18,1.90810961967906
4.2b_1,1.90506344569981
4.2b_20,1.93569543875773
4.2b_21,1.80629561196476
4.2b_22,1.80495911889586
4.2b_23,1.83978811416922
4.2b_24,1.67885075211889
4.2b_25,1.95574563102082
4.2b_26,1.79152697822133
4.2b_27,1.93425531475536
4.2b_28,1.99627233007021
4.2b_29,1.83586496277342
4.2b_2,1.94531667834101
4.2b_30,1.87189286408872
4.2b_31,1.74729734497693
4.2b_32,1.77526978035249
4.2b_33,2.02744752754012
4.2b_34,2.0252926276433
4.2b_35,1.76289423702774
4.2b_36,2.00410302055439
4.2b_37,1.84166280961995
4.2b_38,1.91983390324297
4.2b_3,1.90415364269342
4.2b_41,1.91005166211879
4.2b_42,1.77494879981555
4.2b_43,1.86992326198133
4.2b_44,1.76015923084423
4.2b_45,1.72326522337228
4.2b_46,1.57591326840497
4.2b_47,1.97234880973497
4.2b_48,1.97276087306241
4.2b_4,1.86274705529417
4.2b_51,2.11673007984551
4.2b_52,1.70677955941344
4.2b_5,2.03972159871461
4.2b_69,1.89846643363017
4.2b_6,1.66882127040935
4.2b_76,1.89679182631924
4.2b_78,1.78718871756386
4.2b_86,1.70970444563582
4.2b_87,1.85877349135847
4.2b_88,2.01759024095339
4.2b_8,1.95069547822515
4.3_100,1.77963342303388
4.3_101,1.85598414906864
4.3_102,1.81567410054669
4.3_103,1.76661394614081
4.3_104,1.21693304142713
4.3_105,1.86143146915611
4.3_106,1.77630160448012
4.3_107,1.9148256341656
4.3_108,1.7189370220859
4.3_109,1.83699271428376
4.3_10,1.53315497655617
4.3_110,1.9345544696818
4.3_111,1.697062332062
4.3_112,1.92358362814471
4.3_113,1.89701995667883
4.3_114,1.96390198810912
4.3_115,1.77688390061954
4.3_116,1.93999646963116
4.3_117,1.6566547861883
4.3_11,1.728099354383
4.3_120,1.789686878332
4.3_121,1.7401517089703
4.3_122,1.97646388990581
4.3_123,1.7181458070724
4.3_124,1.83861344327896
4.3_125,1.92741010896127
4.3_126,1.37276594373975
4.3_127,1.80139004297303
4.3_128,1.97692700546376
4.3_129,1.69328449047759
4.3_12,1.97473225961126
4.3_130,1.85982194518808
4.3_132,1.85225346028072
4.3_133,1.97457834900718
4.3_135,1.75178573805678
4.3_136,1.73278294036624
4.3_137,1.53133546300046
4.3_138,1.69554441517344
4.3_139,1.9741639087899
4.3_13,1.44105584208385
4.3_140,1.7821695506182
4.3_141,1.79275369877183
4.3_142,1.95940306445306
4.3_143,1.8455810801054
4.3_144,1.70081939784901
4.3_145,1.73856096642673
4.3_146,1.77240956960181
4.3_147,1.8260434097069
4.3_148,1.55330458914309
4.3_149,1.76672670979696
4.3_14,1.73957420861617
4.3_150,1.90599461412056
4.3_151,1.90191665061109
4.3_153,1.96951933761152
4.3_156,1.66297309501327
4.3_157,1.42467405984931
4.3_15,1.19818125263491
4.3_160,1.87484422754299
4.3_161,1.79402941930693
4.3_162,1.84099844948261
4.3_163,1.85134315131513
4.3_164,1.75031518891863
4.3_167,2.05482267906255
4.3_168,1.76795807031451
4.3_169,1.87920046753854
4.3_170,1.91370594052506
4.3_171,1.96463564137335
4.3_172,1.80516875687306
4.3_173,1.8271040445394
4.3_174,1.74363360035719
4.3_175,1.82337936094537
4.3_176,1.88960423399852
4.3_177,1.68221276882178
4.3_178,1.81876001488807
4.3_179,1.73101421338838
4.3_180,1.8546748709438
4.3_181,1.47624396848647
4.3_182,1.61620927728498
4.3_183,1.75611377497811
4.3_184,1.72218241179081
4.3_185,1.92188682845755
4.3_19,1.72105708911097
4.3_1,1.90551325553174
4.3_200,1.66079104230113
4.3_21,1.70910361116915
4.3_22,1.94537123825148
4.3_23,1.68848241496353
4.3_24,1.86698596810998
4.3_25,1.73465963736597
4.3_26,1.88217739281423
4.3_27,1.8946132529242
4.3_28,1.90354095474482
4.3_29,1.81918422179261
4.3_2,1.75034393942581
4.3_30,1.92804559798006
4.3_32,1.93056342875467
4.3_34,1.82311659167841
4.3_38,1.78378482359206
4.3_39,1.94169953964944
4.3_3,1.68405623181872
4.3_40,1.81303284550103
4.3_41,1.865745583378
4.3_42,1.71534100121622
4.3_43,2.06493554823319
4.3_44,1.87922553538599
4.3_45,1.65911326492236
4.3_46,1.62712441558656
4.3_47,1.87623584965513
4.3_48,1.834017566978
4.3_49,1.86950210566344
4.3_4,1.34308578660025
4.3_50,1.80726921112941
4.3_51,1.90921801325226
4.3_52,2.02845518400935
4.3_53,1.87233883493445
4.3_54,1.57680913757085
4.3_55,1.83245670009853
4.3_56,1.8047123912114
4.3_59,1.85139427046329
4.3_5,1.8788303747934
4.3_60,1.9092395868081
4.3_63,1.70676742060044
4.3_65,1.35344529780425
4.3_66,1.75426204644912
4.3_67,1.91764166162886
4.3_6,1.74335927135243
4.3_71,1.74152660897084
4.3_73,1.80095223027674
4.3_74,1.99599528599592
4.3_75,1.57128926736855
4.3_76,1.96108595903365
4.3_77,1.93922029736424
4.3_78,1.73747068325368
4.3_79,1.7469703733715
4.3_7,1.91364954830597
4.3_80,1.63913330362787
4.3_85,1.94061867184191
4.3_86,1.70242339992419
4.3_87,1.66699865360861
4.3_8,1.63816354019757
4.3_93,1.79556565989422
4.3_94,2.00904846174881
4.3_95,1.70323190444932
4.3_96,1.7218998479824
4.3_98,2.00243882631615
4.3_99,2.00436381806601
4.3_9,1.87370352217127
4.4b_100,1.88010186369553
4.4b_101,1.99955403032514
4.4b_102,1.74062146227009
4.4b_104,1.56798490681981
4.4b_105,1.45635913788725
4.4b_106,1.55386240319753
4.4b_107,1.8236431944026
4.4b_108,1.71999540378915
4.4b_109,1.73893130172736
4.4b_10,1.88351788750796
4.4b_110,1.77526379535709
4.4b_111,1.77945647345101
4.4b_114,1.77862756995218
4.4b_116,1.77873530864609
4.4b_117,1.73525045128248
4.4b_118,1.78331112936071
4.4b_119,1.78125293955908
4.4b_11,1.74283903483918
4.4b_120,2.01497687574416
4.4b_12,1.46909801018887
4.4b_13,1.63018301618148
4.4b_148,1.76350869666045
4.4b_149,1.85668991034569
4.4b_14,1.77495712699319
4.4b_156,1.70434839165646
4.4b_157,1.4929302446275
4.4b_159,1.55853310416983
4.4b_15,1.42911232589488
4.4b_160,1.65540670619718
4.4b_162,1.90534513635103
4.4b_163,1.49758054910715
4.4b_16,1.91909780456259
4.4b_17,1.65728405562338
4.4b_18,1.66132912902202
4.4b_19,1.96432926142927
4.4b_1,1.93503663745254
4.4b_208,1.91383605848431
4.4b_209,1.7049437559384
4.4b_20,1.84947283864401
4.4b_210,1.8605331521833
4.4b_21,1.72771441981802
4.4b_22,1.69460326616022
4.4b_23,1.78365453968053
4.4b_241,1.93305419243305
4.4b_24,1.67238553937719
4.4b_25,1.97881586642868
4.4b_26,1.78590850333041
4.4b_271,1.97129821773296
4.4b_272,1.7957168132396
4.4b_273,1.81314474000108
4.4b_274,1.58786211271702
4.4b_27,1.80473407144876
4.4b_281,1.78998202600043
4.4b_283,1.77429390732467
4.4b_28,1.83741026416896
4.4b_29,1.90423795371152
4.4b_2,1.74940838393867
4.4b_30,1.75598571208378
4.4b_31,2.01179558918484
4.4b_32,1.77535702988555
4.4b_33,1.81399772705163
4.4b_34,1.94600067013725
4.4b_35,1.77854106869234
4.4b_37,1.89786536250934
4.4b_38,1.8477892464072
4.4b_39,1.88083148367527
4.4b_3,1.70484591580963
4.4b_40,1.86319858700297
4.4b_41,1.76772038024851
4.4b_42,1.7071019606124
4.4b_43,1.78539146756701
4.4b_45,1.78898002761142
4.4b_46,1.61322257969819
4.4b_47,1.75704568705081
4.4b_48,1.77322158202162
4.4b_50,1.87435090699522
4.4b_51,1.68682292876063
4.4b_52,1.87795116930647
4.4b_55,1.71766810671607
4.4b_56,1.59382871704371
4.4b_57,1.72204104769822
4.4b_58,1.62956710361537
4.4b_59,1.69862452691784
4.4b_5,1.54357143707036
4.4b_60,1.91268284687154
4.4b_61,1.87481660829919
4.4b_62,1.91878740926691
4.4b_63,1.98296146602639
4.4b_64,1.90091819133785
4.4b_65,1.96648200281948
4.4b_66,1.86354450656601
4.4b_68,1.90153423963338
4.4b_6,1.91755152450163
4.4b_70,1.65084579854011
4.4b_71,1.68552628461925
4.4b_72,1.95204134716968
4.4b_73,1.70004761234993
4.4b_74,1.53210662551319
4.4b_75,1.7499070436932
4.4b_76,1.49016245439195
4.4b_77,1.66986980963766
4.4b_78,1.7563464428378
4.4b_79,1.95873667516918
4.4b_7,1.81702583589071
4.4b_80,1.85625385864088
4.4b_81,1.77599834270819
4.4b_84,2.02988253424598
4.4b_85,1.93398414902403
4.4b_86,1.93443934297701
4.4b_88,1.980814765486
4.4b_8,1.7309033725717
4.4b_90,2.01423619626296
4.4b_92,1.76011892185908
4.4b_93,1.87313657561749
4.4b_94,2.04683503301418
4.4b_95,1.98170881520604
4.4b_96,2.200290354146
4.4b_97,1.89630346560787
4.4b_98,2.1266862532658
4.4b_99,2.03839195666633
4.4b_9,2.10855605145529
4.5_100,1.56630045597418
4.5_101,1.93356403793144
4.5_102,1.81737783327659
4.5_10,1.58127936153782
4.5_11,1.89242171717389
4.5_122,2.05804378033195
4.5_126,1.98333113244665
4.5_128,2.00137390335928
4.5_129,1.89289874154846
4.5_12,1.76985798581659
4.5_130,1.73816724384381
4.5_131,1.90702700143912
4.5_132,1.88253153926938
4.5_133,1.80627202955593
4.5_139,1.62491506453963
4.5_140,1.89715092658738
4.5_141,1.74336222643355
4.5_143,1.70551896805991
4.5_144,1.75667948249095
4.5_148,1.83415949804237
4.5_149,1.91869426999301
4.5_14,1.99272761210166
4.5_151,1.85982610538245
4.5_154,1.7821240677447
4.5_156,1.78437017213708
4.5_157,2.00592950814368
4.5_158,1.74997585982147
4.5_159,1.94446565330243
4.5_15,1.65261185229979
4.5_161,1.96893019869711
4.5_162,2.02826026015383
4.5_16,1.48114793050336
4.5_17,1.82726703524039
4.5_18,1.80195398017027
4.5_19,1.53827842998509
4.5_1,1.96081299815508
4.5_20,1.75532946103302
4.5_21,1.68056345953275
4.5_22,1.94953720386473
4.5_242,1.86018098675388
4.5_24,2.11455035284196
4.5_25,2.00583907279007
4.5_26,1.91187494817268
4.5_2,1.77041125953142
4.5_32,1.88584193532467
4.5_33,1.78599286379673
4.5_34,1.92203326403252
4.5_35,1.8047487046004
4.5_36,1.7448414928323
4.5_38,1.80949612272522
4.5_39,1.94603027446064
4.5_3,1.87757233079802
4.5_40,1.94361481416993
4.5_41,1.85227689130817
4.5_42,1.6796318324759
4.5_43,1.83400390796835
4.5_44,1.6471847211764
4.5_45,1.7848822420265
4.5_46,1.9625521382478
4.5_47,1.96856814694619
4.5_48,1.80336423705363
4.5_49,1.75116766522256
4.5_4,1.77531937923416
4.5_51,1.88023794984181
4.5_54,1.85382869218074
4.5_5,1.71002086012783
4.5_67,1.74244502051243
4.5_69,1.95579994526662
4.5_6,1.96534199357758
4.5_70,1.90322306378394
4.5_74,1.9196222806078
4.5_76,1.8864898779765
4.5_77,1.87553216010209
4.5_8,1.6787530573196
4.5_96,1.76919002495825
4.5_97,2.03379749403679
4.5_98,1.52734469139562
4.5_99,1.95323506017022
4.5_9,1.82153005366398
6.1_101,1.70578157061883
6.1_102,1.91094169431365
6.1_11,2.12341328556899
6.1_12,1.97592553944761
6.1_139,1.87396724224851
6.1_13,1.91166044571441
6.1_14,1.89386298007737
6.1_15,1.85533853679865
6.1_1,1.90761229053376
6.1_22,1.93598974290811
6.1_23,1.77719392012369
6.1_24,1.90133710680046
6.1_25,1.84829168117978
6.1_26,1.87577826184787
6.1_27,1.79859240048501
6.1_28,1.92211994202671
6.1_29,1.87735059994514
6.1_2,1.97477198942849
6.1_32,1.89510328839192
6.1_34,1.94607860699055
6.1_35,1.97679699309674
6.1_36,1.87233204190608
6.1_37,1.82175844417589
6.1_38,1.90686695564177
6.1_39,1.77687414288264
6.1_3,1.80092016464272
6.1_40,1.958872605502
6.1_41,1.91462248104132
6.1_43,1.67119966999334
6.1_45,1.82296450117473
6.1_46,1.9144835486337
6.1_47,1.81150165517493
6.1_48,1.83805165685437
6.1_49,1.91773901983306
6.1_4,2.01063708526983
6.1_50,1.85197802801315
6.1_51,1.81321119571409
6.1_53,1.91233087997154
6.1_55,1.75929768965453
6.1_57,1.94707061741882
6.1_59,1.93802873126647
6.1_5,1.88811292175592
6.1_62,1.88877422116493
6.1_63,1.92726692899421
6.1_64,2.01324345914759
6.1_65,1.85086069747856
6.1_66,1.87105452544966
6.1_67,1.85902223731464
6.1_68,1.81669102763324
6.1_69,1.8873529369369
6.1_6,1.76888106583847
6.1_70,1.94816467252007
6.1_71,1.91391094394062
6.1_72,1.80442323246559
6.1_73,1.86916153603587
6.1_75,1.80899354106594
6.1_76,1.74786562130202
6.1_77,2.02013803487561
6.1_78,1.96483564909278
6.1_7,1.91120942755608
6.1_80,1.91182119684665
6.1_81,1.78007756360312
6.1_84,1.98529751531118
6.1_86,1.89457151329053
6.1_87,1.82867520171438
6.1_89,1.88433259051634
6.1_90,1.84008467804371
6.1_91,1.86960216639353
6.1_92,1.87647196367887
6.1_93,1.98141539980964
6.1_94,1.81689708094053
6.1_95,1.9769113827201
6.1_97,2.01975211399407
6.1_98,1.76989577473197
6.2_100,1.87707151875287
6.2_101,1.60853706733636
6.2_103,1.76383571134463
6.2_104,1.47955367938022
6.2_105,1.78717703000171
6.2_106,1.7682420101264
6.2_107,1.90753951666208
6.2_108,1.98485532173673
6.2_109,1.81857205509913
6.2_10,1.87900878786219
6.2_113,1.83924698151054
6.2_114,1.78053540991385
6.2_116,1.90419475465398
6.2_118,1.82401003281027
6.2_119,1.52387950321138
6.2_11,1.9195793136864
6.2_120,1.97472445823383
6.2_122,1.65623216044211
6.2_124,1.90576435464539
6.2_125,1.86629526021284
6.2_128,1.76587529396443
6.2_129,1.67607259743031
6.2_130,1.99805021591481
6.2_131,1.27220722158676
6.2_132,1.79214264121148
6.2_133,1.13925735589457
6.2_134,1.77570221761811
6.2_135,1.93253558918424
6.2_136,1.83194213749933
6.2_137,1.8807526942048
6.2_138,1.8410018670821
6.2_13,1.84483684682135
6.2_14,1.9052112882597
6.2_16,1.95435168194783
6.2_17,1.72304753354596
6.2_18,1.83111281374821
6.2_19,1.91696567858556
6.2_1,1.98082554844219
6.2_20,1.97849338780517
6.2_22,2.02425465421224
6.2_23,1.86530348069574
6.2_24,1.82207522849789
6.2_25,1.99220499835588
6.2_26,1.844829599388
6.2_27,1.93185243460954
6.2_28,1.63409769520943
6.2_29,1.85610233668694
6.2_2,1.78270365009675
6.2_30,1.74743743556109
6.2_31,1.5861473356563
6.2_32,1.73591149414254
6.2_33,1.69293038501013
6.2_34,1.94405936681383
6.2_35,1.86403031453822
6.2_36,1.86319320037131
6.2_39,1.81403479171354
6.2_3,1.79437702033571
6.2_40,1.80716337021319
6.2_45,1.85715923249755
6.2_46,1.27226024809298
6.2_47,1.8291934644934
6.2_48,1.64323958389334
6.2_4,1.80522646998905
6.2_50,1.76264892333765
6.2_51,1.89533083137874
6.2_52,1.76189305235674
6.2_53,1.82193234321406
6.2_54,1.90764076410892
6.2_55,1.44106579538092
6.2_56,1.6553097244463
6.2_57,1.70429066857468
6.2_58,1.10183437230765
6.2_59,1.88565415899121
6.2_5,1.79318299454849
6.2_60,1.1049872988231
6.2_62,1.45348156304637
6.2_64,1.72163735083319
6.2_65,1.88860165984748
6.2_68,1.83568948914824
6.2_69,1.68282835592403
6.2_6,2.03490038812291
6.2_70,1.68815477859292
6.2_71,1.73314991762128
6.2_72,1.71994665290124
6.2_73,1.75078083607057
6.2_74,1.53591155348995
6.2_75,1.89519305055894
6.2_76,1.60239704380355
6.2_77,1.96989866775902
6.2_78,1.79536192168931
6.2_79,1.80001483407286
6.2_7,1.7726584677631
6.2_80,1.69601636545964
6.2_81,1.95387771685781
6.2_82,1.52549386383854
6.2_83,1.9938572711336
6.2_84,1.18141418960316
6.2_85,1.86407460123146
6.2_86,1.92500687250501
6.2_87,1.88398572320831
6.2_88,1.6156222966534
6.2_89,1.73108828114338
6.2_90,1.73076657692152
6.2_93,1.72204608728618
6.2_94,1.80457569857947
6.2_98,1.71597895179224
6.2_99,1.79161411548797
6.3_100,1.98312816853905
6.3_101,1.66315847457814
6.3_102,1.48919972442455
6.3_103,1.86089827419629
6.3_104,1.405310731529
6.3_105,1.92604345604918
6.3_106,1.99205366817722
6.3_107,1.55921073155497
6.3_108,1.71129963658119
6.3_10,1.5120262060254
6.3_111,1.561038222804
6.3_112,1.87874609346916
6.3_113,1.87210938145865
6.3_115,1.93211344623606
6.3_117,1.57938302695442
6.3_11,1.54505413054212
6.3_120,1.67691981916748
6.3_121,1.94363516477634
6.3_122,1.82059519808307
6.3_123,1.74655112472015
6.3_124,1.56659187602731
6.3_125,1.9005871266779
6.3_126,1.50183690806977
6.3_127,1.74526841724864
6.3_128,1.84942353550211
6.3_129,1.50395829841181
6.3_12,1.70813481999
6.3_130,2.02416175732068
6.3_131,1.72729249987876
6.3_132,1.70478302193682
6.3_133,1.5520087212956
6.3_135,1.63879041396348
6.3_136,1.67835186395685
6.3_137,1.94881054906578
6.3_138,1.7683850527281
6.3_141,1.87644911184113
6.3_142,1.92562159194593
6.3_143,1.84056156063959
6.3_147,1.55838696375545
6.3_148,1.77905804038588
6.3_14,1.68598429433161
6.3_150,1.53457878806342
6.3_152,1.84631978909588
6.3_153,1.81013939201811
6.3_154,1.87829642276466
6.3_155,1.85735615372636
6.3_15,1.41337634387335
6.3_160,1.70414762834785
6.3_161,1.48055090705864
6.3_164,1.69721217332078
6.3_165,1.83441071061837
6.3_166,1.76281171584612
6.3_167,1.77983642880129
6.3_16,1.34093909361377
6.3_17,1.91681123646283
6.3_18,2.04206958153179
6.3_19,1.60977487455417
6.3_1,1.86899087882731
6.3_20,1.98995295469023
6.3_21,1.68073411890231
6.3_23,1.87630303751425
6.3_25,1.77679316886187
6.3_26,1.97347760125927
6.3_27,1.73902035104366
6.3_282,1.79574204405208
6.3_28,1.72048296196776
6.3_29,1.71437131472194
6.3_2,1.84198682052752
6.3_30,1.88809264063277
6.3_32,1.98967581768566
6.3_33,2.07990502703856
6.3_35,1.79533668485508
6.3_36,1.79220104177215
6.3_38,1.9240057202387
6.3_3,1.52165792276538
6.3_42,1.91270089516005
6.3_43,1.71356384606807
6.3_44,1.75821869250528
6.3_45,1.97437330447135
6.3_46,1.80513920447741
6.3_47,1.80907887245583
6.3_48,1.77248512659499
6.3_49,1.73196896918421
6.3_4,1.82670556562028
6.3_50,1.90904239924983
6.3_51,1.74130359801336
6.3_52,1.78788420709134
6.3_53,1.8277838932415
6.3_54,1.9854069157922
6.3_55,1.69605629155514
6.3_58,1.93694039498743
6.3_59,1.89098060459708
6.3_60,1.63665517719711
6.3_61,1.76622539596327
6.3_62,1.94951637510144
6.3_63,1.80643014328748
6.3_64,1.61444782986496
6.3_65,1.97019053585758
6.3_66,1.85034209178986
6.3_67,1.67492833706054
6.3_68,1.90802131472
6.3_6,1.9042461932753
6.3_70,2.05129809681797
6.3_71,1.6268928465372
6.3_73,1.80033749788651
6.3_74,1.5496332756707
6.3_75,1.80525941749889
6.3_76,1.88707285966679
6.3_77,1.79670156758913
6.3_78,1.58537680725626
6.3_79,1.87211646996719
6.3_7,1.73964110020299
6.3_83,1.63212105097567
6.3_8,1.62883364309861
6.3_90,1.8095901952929
6.3_91,1.667751439073
6.3_92,1.72130017031285
6.3_93,2.02577679068772
6.3_94,1.91345353803868
6.3_95,2.06999629533246
6.3_96,1.69159161216029
6.3_97,1.75912885792461
6.3_98,1.73936731244061
6.3_99,1.80657637462308
6.3_9,1.88915879929112
6.4_104,1.99053319643265
6.4_105,1.83111170845984
6.4_106,1.70140298972233
6.4_107,1.81543750819967
6.4_108,1.96044043448012
6.4_110,1.8449120438813
6.4_112,1.71518386841159
6.4_115,1.787351242498
6.4_11,1.82773962818562
6.4_12,1.80627297975817
6.4_13,1.99599991089197
6.4_14,1.94003191081857
6.4_15,1.83889447838991
6.4_165,1.93708949631495
6.4_166,1.91174260843396
6.4_168,1.88908243494545
6.4_16,1.61053825549704
6.4_17,1.78294666144291
6.4_18,1.74069359343292
6.4_19,1.78509269684096
6.4_1,2.03886649774646
6.4_20,1.9382987229426
6.4_21,1.83340603783512
6.4_22,1.57162712842341
6.4_23,1.63848963079923
6.4_24,1.8177866238295
6.4_25,1.7692937341231
6.4_26,1.85212386591302
6.4_27,1.99322666759774
6.4_2,1.87483955006565
6.4_37,1.84338020918808
6.4_3,1.7705263712222
6.4_40,1.77906184885877
6.4_41,1.66384997899991
6.4_42,1.73401417289548
6.4_43,1.75142349071816
6.4_44,1.8364756529577
6.4_45,1.90479405418241
6.4_46,1.9033148184698
6.4_47,1.64301656215319
6.4_48,1.97994555166922
6.4_49,1.62030074519432
6.4_4,1.86355959245322
6.4_50,1.94599387499176
6.4_51,1.81939704080129
6.4_54,1.81404435503495
6.4_55,1.73700640356904
6.4_56,1.82218040397262
6.4_57,1.88670736553646
6.4_58,1.81392852502722
6.4_59,1.95994927133276
6.4_5,1.76438865861033
6.4_60,1.73330519508337
6.4_62,1.67683874286075
6.4_63,1.95365381681906
6.4_64,1.96911790892819
6.4_65,1.59507736667886
6.4_67,1.78415669380912
6.4_69,1.99437931007706
6.4_6,1.94543609479807
6.4_72,1.81392653911217
6.4_73,1.9603297388403
6.4_74,1.67736833523985
6.4_75,1.53779507837523
6.4_77,1.74938369796044
6.4_78,1.74705941504471
6.4_79,1.91989588254106
6.4_80,1.86414790559097
6.4_82,1.9938249858297
6.4_87,1.74988635160072
6.4_88,1.71045206453924
6.4_89,1.71392181083396
6.4_90,2.01906935335183
6.4_91,1.86868197427621
6.4_92,1.94225907041828
6.4_93,1.92116268534436
6.4_94,1.95119707085846
6.4_95,1.62331231197221
6.4_96,1.81437212376843
6.4_97,1.76699842748988
6.4_98,1.92357692766683
6.4_99,1.65020217316321
6.5_10,1.82646219547017
6.5_11,1.93401967633066
6.5_12,1.6993272477808
6.5_13,1.7483674389548
6.5_14,1.85495165888317
6.5_15,1.83564804230162
6.5_16,1.72265795217064
6.5_17,1.71274481132816
6.5_19,1.8447368577686
6.5_1,1.96166098680803
6.5_20,1.72146061107656
6.5_21,1.86164828367257
6.5_24,1.84275773381359
6.5_25,1.89511690189988
6.5_29,1.75433978917805
6.5_2,1.8818331725904
6.5_32,2.05097927616979
6.5_33,1.87057059529236
6.5_34,1.9946981613252
6.5_35,1.77356521681434
6.5_36,1.84351129601916
6.5_37,1.85310154058732
6.5_38,1.826941897391
6.5_40,1.93432544843611
6.5_43,1.95469022473852
6.5_44,1.75388446594288
6.5_45,1.97762836226421
6.5_46,1.88977789823877
6.5_47,1.67074577590242
6.5_48,1.79106238233319
6.5_49,1.96102750159701
6.5_4,1.85943265411617
6.5_50,1.85529573589236
6.5_51,2.0101515240537
6.5_53,1.92750749138848
6.5_56,1.89580164683837
6.5_57,1.89351731924088
6.5_58,1.84390068969486
6.5_59,1.93783272057975
6.5_60,1.93798213974123
6.5_62,1.99333295358083
6.5_63,1.62498032442412
6.5_64,1.84073450259405
6.5_66,1.77831309447189
6.5_67,1.86493694530533
6.5_68,2.05048698798636
6.5_70,1.85560601868357
6.5_71,1.76228024451065
6.5_77,1.89202926005548
6.5_79,1.83122728295408
6.5_81,1.99346843454249
6.5_84,1.82001438393956
6.5_85,1.90895029168163
6.5_86,1.87408922101885
6.5_87,1.97691342044047
6.5_88,1.89744124135218
6.5_8,1.78119495512386
6.5_90,1.81890299929544
6.5_91,1.91178165081569
6.5_94,1.92566786749449
6.5_95,1.89430426138981
6.5_96,2.0786811385491
6.5_9,1.81521540225231
8.1_11,1.89695365833335
8.1_12,1.98242317072307
8.1_13,1.94653145398563
8.1_14,2.00062841216607
8.1_15,1.97440779908395
8.1_16,1.92873601464848
8.1_17,2.08526600669528
8.1_18,2.01720165399294
8.1_19,1.84026233073781
8.1_1,1.98394178570536
8.1_20,1.84517090734501
8.1_21,2.04104080513332
8.1_24,2.04998287132263
8.1_25,2.08516411382924
8.1_26,1.88233382174321
8.1_29,1.93120775173212
8.1_2,2.08838133375679
8.1_34,1.92989342533637
8.1_35,1.87991956600911
8.1_36,1.81489539974984
8.1_37,1.79003227108496
8.1_38,1.94588970158714
8.1_39,1.78061281942129
8.1_3,1.86088635042483
8.1_40,1.88551020921775
8.1_41,1.93884610526076
8.1_42,1.8289484889948
8.1_43,1.75064804299934
8.1_44,1.55578475071595
8.1_45,1.91486327493886
8.1_46,2.03140551832248
8.1_47,1.88919169525311
8.1_48,1.88371997743632
8.1_49,1.97863346316379
8.1_4,1.81669689783915
8.1_50,1.85814251307058
8.1_51,1.86859021048138
8.1_53,1.91326057089025
8.1_57,1.83272600538032
8.1_58,1.7301246547318
8.1_59,1.96544779146973
8.1_5,2.02923293781041
8.1_60,1.78281244214861
8.1_61,1.89723835352522
8.1_62,1.9756051850395
8.1_63,1.98040895431193
8.1_64,1.95547132302727
8.1_65,1.83747601763884
8.1_66,1.84303624148324
8.1_69,1.84973297527868
8.1_70,1.82810421916146
8.1_72,1.87308818715504
8.1_73,1.9084562643515
8.1_77,1.85279835389363
8.1_79,2.07013416066811
8.1_80,2.01140777807469
8.1_81,1.77346006422314
8.1_82,1.85364626743531
8.1_83,1.99514827570776
8.1_84,1.7686168997402
8.1_85,2.03493954280298
8.1_86,1.99518215540867
8.1_87,1.9806452174299
8.1_91,1.97440977892481
8.1_93,1.78180880504045
8.1_95,1.7003163637697
8.1_96,1.84810913186881
8.1_97,1.81385904537995
8.2_103,1.88771695136685
8.2_104,1.94642397968617
8.2_105,1.92781101559048
8.2_106,1.94236411214679
8.2_108,2.01283873640958
8.2_109,1.92253106169181
8.2_10,1.94345670672881
8.2_110,1.44853969480603
8.2_111,1.70452954760991
8.2_112,1.89207469527016
8.2_113,1.91350829847655
8.2_115,1.82817590279831
8.2_117,1.72188407578733
8.2_118,1.85684442307186
8.2_119,1.93668178091668
8.2_11,1.73602007662018
8.2_120,1.66292563485223
8.2_121,1.90468445869897
8.2_122,1.65437494304259
8.2_123,1.97626316308263
8.2_125,1.89794623016445
8.2_126,1.89944560897151
8.2_127,1.94541382742177
8.2_128,1.87668805832298
8.2_129,1.88218810052451
8.2_130,1.92919799261445
8.2_132,1.79364346414164
8.2_133,1.9288954621728
8.2_134,1.6879288152478
8.2_135,1.89051446056241
8.2_136,1.85111433411972
8.2_137,1.77962095285154
8.2_139,1.6852661188236
8.2_141,1.89258849123207
8.2_14,1.56382619061491
8.2_158,1.87324682489189
8.2_159,1.94782468707439
8.2_15,1.65705351641944
8.2_160,1.97832655353538
8.2_16,1.75432421517386
8.2_17,1.7306800273882
8.2_188,1.58514592411158
8.2_18,1.77058441985076
8.2_19,1.77691950079623
8.2_20,1.64377081099099
8.2_22,1.85472877654711
8.2_23,1.98467189253397
8.2_26,1.94343713735204
8.2_27,1.919273951833
8.2_28,1.58215699538478
8.2_30,1.59887819342963
8.2_31,1.89950107638168
8.2_32,1.69717835706812
8.2_33,1.82153097566884
8.2_34,1.79502391699188
8.2_3,2.05921995228931
8.2_41,1.82000189484088
8.2_42,1.80390679736655
8.2_43,1.79531916359933
8.2_44,1.73555189217187
8.2_45,1.64284500295823
8.2_46,1.95013602376441
8.2_47,2.00333058977988
8.2_48,2.0070377074208
8.2_49,1.78390590400862
8.2_4,1.38637141046474
8.2_50,1.94206339414054
8.2_52,1.86754508493574
8.2_55,1.61618064239803
8.2_56,1.79956102609957
8.2_58,1.45812008607567
8.2_5,1.76265904724523
8.2_6,1.68103465646761
8.2_7,1.79144233142636
8.2_8,2.0312626106577
8.2_92,1.90135809322988
8.2_93,1.90765632953491
8.2_97,1.83882678532189
8.2_98,1.92298507409326
8.2_9,1.91311970499896
8.3_106,1.95897345269775
8.3_107,1.87750125698033
8.3_108,1.91599727856376
8.3_10,1.73857413544117
8.3_113,1.95990152541448
8.3_114,1.8285206201357
8.3_115,1.82203474956823
8.3_116,1.80179737657716
8.3_117,1.81222042935766
8.3_118,2.00080171919035
8.3_119,2.04245810076859
8.3_11,1.89702386636596
8.3_120,1.66140826968302
8.3_121,1.94908930513669
8.3_129,1.77591186948265
8.3_12,1.92193409796499
8.3_130,1.86762657678116
8.3_131,1.95206574387965
8.3_132,1.60498992827383
8.3_133,1.7002598080834
8.3_135,1.66148871224216
8.3_136,1.5634483176321
8.3_13,1.93609169432476
8.3_140,1.77980428560329
8.3_141,1.93278850671036
8.3_147,1.73187403814479
8.3_14,1.73837671246038
8.3_150,1.63653885413982
8.3_15,1.69724775856596
8.3_16,1.65457919450685
8.3_174,1.91250341173339
8.3_17,1.8894712034964
8.3_18,1.72251370227248
8.3_19,1.8333113445532
8.3_1,1.80803458508498
8.3_21,1.8158977903254
8.3_22,1.84305687286552
8.3_23,1.72412619361445
8.3_29,1.6660880487054
8.3_2,2.03763570719697
8.3_30,1.83464324100096
8.3_31,1.67923288608801
8.3_32,1.72918776843208
8.3_35,1.82489994107592
8.3_3,1.7587690977049
8.3_48,1.82260981925844
8.3_49,1.87100827259095
8.3_4,1.74168035570554
8.3_50,1.8692673655389
8.3_51,1.91756124566317
8.3_5,1.73978281301082
8.3_64,1.96406570423551
8.3_65,1.98791232382477
8.3_66,1.80580211957592
8.3_67,1.80329509205557
8.3_68,1.58779828775511
8.3_69,1.67630685958068
8.3_6,1.8198095351344
8.3_70,2.04371752236129
8.3_71,1.86603518906201
8.3_72,1.72362017666888
8.3_73,1.82811736393931
8.3_74,2.00613661989466
8.3_75,1.80365933237673
8.3_76,2.02986694781216
8.3_77,1.7748003902881
8.3_78,1.97757010582866
8.3_79,1.64531927011427
8.3_7,2.00636588001238
8.3_80,1.63753604598112
8.3_81,1.66835318726625
8.3_82,1.72604589962127
8.3_83,1.84679405764899
8.3_84,1.77420579694687
8.3_85,2.04749268081814
8.3_86,1.99921537377174
8.3_87,2.068573027718
8.3_88,1.7842381472565
8.3_89,1.85714495741274
8.3_8,1.84294559342034
8.3_90,1.84944290490928
8.3_91,1.97426152532174
8.3_92,1.93371144941215
8.3_93,1.87586972271436
8.3_94,1.86517012807379
8.3_95,1.96755997568325
8.3_96,1.99170796745352
8.3_97,2.056398819712
8.3_9,1.96180448420378
8.4_100,1.71374437180067
8.4_101,1.87323702153593
8.4_102,1.85610387959128
8.4_103,1.83273371637198
8.4_105,1.75482898184795
8.4_106,1.82486110015228
8.4_107,1.89368277717665
8.4_115,1.83648292425034
8.4_116,1.83283989659425
8.4_117,1.81561782343198
8.4_118,1.83650098177607
8.4_119,1.73579482194394
8.4_11,1.83329692030271
8.4_120,1.80246166363695
8.4_121,1.76654365480951
8.4_122,1.8387658417677
8.4_12,1.96610874933258
8.4_130,1.89203429422479
8.4_131,1.92378560088414
8.4_132,1.81988561137479
8.4_135,1.84168051894448
8.4_138,1.89623147066225
8.4_13,1.81832674998867
8.4_140,1.7733519178092
8.4_141,1.84456223737595
8.4_142,1.89906798504261
8.4_144,1.90692905773555
8.4_14,1.80457643466349
8.4_15,1.86287025733807
8.4_16,1.61488639377858
8.4_17,1.72764757113171
8.4_18,1.85022016375749
8.4_19,1.52631249886031
8.4_1,1.6598581495365
8.4_21,1.9113103879737
8.4_223,1.64963827217305
8.4_22,1.86935488975646
8.4_23,1.73947413215575
8.4_24,1.79091187629177
8.4_25,1.7269278989654
8.4_26,1.82102550638575
8.4_29,1.81863352773518
8.4_2,1.76208697039399
8.4_34,1.81082190217935
8.4_36,1.91624646257873
8.4_37,1.91081942587341
8.4_3,1.82480221125816
8.4_40,1.95668694931883
8.4_41,1.93082636304939
8.4_42,1.74428404544464
8.4_43,1.77229916516756
8.4_44,1.90832991454096
8.4_45,1.43233578253091
8.4_46,1.71503734248716
8.4_47,1.88213801791041
8.4_48,1.60252789714502
8.4_49,1.75273248840158
8.4_52,1.90802652881878
8.4_53,2.01521861790504
8.4_54,1.86246106053786
8.4_56,1.82802319681348
8.4_57,1.77888151043391
8.4_58,1.86792745056088
8.4_59,1.79372367609281
8.4_5,1.87918104883806
8.4_60,1.78496518114495
8.4_61,1.71608128227193
8.4_62,1.75796480441286
8.4_63,1.86664364223152
8.4_64,1.88021835160642
8.4_68,1.64095617974109
8.4_6,1.79677330929524
8.4_71,1.95063035324274
8.4_72,1.80337522370714
8.4_73,1.66534780637538
8.4_74,1.7421745414169
8.4_75,1.71631304617169
8.4_76,1.75230270560203
8.4_77,2.14877914313073
8.4_78,1.77436023721167
8.4_7,1.82748232078721
8.4_80,1.82283747286456
8.4_82,1.87311198245174
8.4_84,1.79728600879807
8.4_86,1.82212357226069
8.4_87,1.80448711221867
8.4_88,1.79943420570185
8.4_8,1.90762147308661
8.4_92,1.87552905951335
8.4_93,1.78827513626432
8.4_94,1.84769052947316
8.4_95,1.72670544392232
8.4_96,1.86103574771844
8.4_97,2.04529350168628
8.4_98,1.99867534522737
8.4_99,1.63202959019783
8.4_9,1.68416194308755
8.5_100,1.91145537876034
8.5_101,1.87900924048251
8.5_102,1.88236609918941
8.5_103,1.89168305468876
8.5_104,1.76845381163185
8.5_105,2.01973218353429
8.5_106,1.87383543516108
8.5_108,1.7418836747311
8.5_109,1.93238973907004
8.5_10,1.82712509536264
8.5_110,1.72303832692785
8.5_111,1.70034554837804
8.5_119,1.86255986253701
8.5_11,1.53822959888771
8.5_120,1.93793403549434
8.5_122,1.86432653094114
8.5_123,1.70821562408859
8.5_125,1.73872214993842
8.5_12,1.58113240136412
8.5_130,1.91715082011424
8.5_131,1.82529913332925
8.5_132,1.70297319866992
8.5_134,1.7612607291354
8.5_136,1.86746724974793
8.5_137,1.5687458045469
8.5_138,1.85089878844377
8.5_13,1.85228520599844
8.5_143,1.77613569366505
8.5_145,1.72557807357318
8.5_146,1.79615886604788
8.5_147,1.73805194265536
8.5_148,1.94827585455947
8.5_14,1.9191506323071
8.5_150,1.83406021589966
8.5_151,1.70844604708211
8.5_152,1.86078311509273
8.5_153,1.90152320724835
8.5_154,1.84945470722914
8.5_155,1.71983115865735
8.5_156,1.99925250266481
8.5_157,1.69148315682522
8.5_158,1.80944250107244
8.5_159,1.83816065079284
8.5_15,1.95439895204749
8.5_160,1.75924991019048
8.5_16,1.91542069864515
8.5_17,1.89858770347344
8.5_18,1.86216629813689
8.5_19,1.76587231301271
8.5_1,1.7526016847807
8.5_23,1.82721401436742
8.5_259,1.68711317254929
8.5_25,1.75671705630538
8.5_28,1.40838900361966
8.5_29,1.77816804902096
8.5_2,1.8776043754522
8.5_30,1.84295386921838
8.5_31,1.87108418444694
8.5_36,1.70410254494714
8.5_39,1.83555781006731
8.5_3,1.8253694963895
8.5_41,1.9823873054729
8.5_44,1.76672798501377
8.5_45,1.86442429986806
8.5_48,1.90675280920793
8.5_49,1.52281014414454
8.5_4,1.82461897827792
8.5_50,1.85876374780817
8.5_51,1.81216456144681
8.5_52,1.83895817739458
8.5_53,1.47475079717978
8.5_54,1.86293381028175
8.5_55,1.93087161628965
8.5_56,1.81852282152506
8.5_57,1.75552844343506
8.5_58,1.98887765834294
8.5_60,1.83949020870837
8.5_64,1.97263766167237
8.5_66,1.93469833615629
8.5_67,1.89250932414868
8.5_68,1.88870271364218
8.5_71,1.80750694900231
8.5_74,1.90929660228448
8.5_76,1.99211701242095
8.5_77,1.93319259266031
8.5_78,1.94534901738767
8.5_79,1.63636056631635
8.5_7,1.85071413164543
8.5_80,1.796225406785
8.5_81,1.88480622745236
8.5_83,1.89027729943721
8.5_84,1.79793119104306
8.5_85,1.90971315174066
8.5_87,1.86565135883917
8.5_89,1.77110158156947
8.5_91,1.81666750354814
8.5_92,1.70766018320302
8.5_93,1.65127225218879
8.5_95,1.83046763052834
8.5_96,1.61925518221133
8.5_98,1.8376119135086
8.5_9,1.79526843161313
